website,email,contact_number,address,city,name,5,6,7
abimsabah.blogspot.com,jjaafarmahmud@yahoo.com,168401894,WDT 501 PEJABAT POS BESAR SABAH 88100 KOTA KINABALU SABAH,kota kinabalu,,,,
www.agathians.org,admin@agathians.org,012-2968014,"No 22 Jalan Kelah 8/6, Seksyen 8, 46050 Petaling JayaSelangor",PETALING JAYA,,,,
www.aidhome.org,intan@emagineers.com.my,6 012-3082.092,"No 6-3, Jalan USJ 9/5R47620 Subang JayaSelangor","Subang Jaya, Selangor",,,,
www.aiesec.my,youth@aiesec.my,03-78871624,"Block E-51-2, Zenith Corporate Park, Jalan SS7/26,",Petaling Jaya,,,,
www.ajarajarmalaysia.org,phyee1057@hotmail.com,010-9008470,"12, Jalan Utara Section 52",Petaling Jaya,,Facebook Profile,,
facebook.com/akujanjihijau,akuhijau.org.my@gmail.com,1111608965,"905, The Maple Suite, Jalan Changkat Raja Chulan, 50200 Kuala Lumpur",Kuala Lumpur,,,,
www.awam.org.my,awam@awam.org.my,03-78774221,"85, Jalan 21/1 Sea Park",Petaling Jaya,,,,
http://myaltruistik.wixsite.com/myaltruistik,myaltruistik@gmail.com,60179398301,"No 49, Jalan Saga 26, Taman Saga, 68000 Ampang, Selangor",-,,Facebook Profile,Instagram,
www.adfm.org.my,office.adfm@gmail.com,03 7956 2008,"No. 6, Lorong 11/8E, Seksyen 1146200 Petaling JayaMalaysia",Petaling Jaya,,,,
www.amitabhamalaysia.org,chloe@amitabhamalaysia.org,+607-2380448,"59, Jalan Glasiar, Taman Tasek 80200 Johor Bahru, Johor, Malaysia.",Johor Bahru,,,,
amnesty.my,aimalaysia@aimalaysia.org,03-79552680,"D-2-33A 8 Avenue
Jalan Sungai Jernih 8/1
Section 8",Petaling Jaya,,,,
http://muradfdtn.tripod.com/id4.html,murad@eastwest.edu.my,06-7655560,"A-3-1 Jalan Sentral 1,Dataran Sentral70100 SerembanNegeri Sembilan",Seremban,,Facebook Profile,,
http://baoenshi.monoc.my,waihoong_c@hotmail.com,-,"Lot 157366,Off Jln Ampang Baru 6,Ampang Baru New Village,31350 Ipoh, Malaysia",Ipoh,,,,
http://afm.org.my,admin@afm.org.my,03-79606177,"Peti Surat 10, Ground Floor Bangunan Sultan Salahuddin Abdul Aziz Shah",Petaling Jaya,,,,
asiacommunityservice.org,acspenang@gmail.com,012-4324230,"C0-23-UP, Kompleks Masyarakat Penyayang, Jalan Utama, Georgetown",Georgetown,,,,
menitisinarkebahagiaan.blogspot.com,menitisinarkebahagiaan@gmail.com,605-201 1391,"LOT 429, Kampung Tersusun Tanah Hitam",Chemor,,,,
http://agapesibu.org/acsn/,thtoh@yahoo.com,019-8172005,"Pusat Agape, Jalan Alan, Ulu Lanang, Sibu	Malaysia",Sibu,,,,
ppbm.org,general@ppbm.org,378802941,"NO53A/G, Block E, Zenith Corporate Park, Jalan SS7/26, Kelana Jaya, 47301, Petaling Jaya, Selangor, Malaysia",Petaling Jaya,,,,
www.pspk.org,info@pspk.org,-,"No.21,Jalan 2,Selayang Baru,68100 Batu Caves Selangor,Malaysia",Batu Caves,,,,
none,networkchild@gmail.com,55451878,"148, Jalan R.C.M. RayanIpoh Garden31400 IpohPerakMalaysia",Perak,,,,
www.angkasawan.org.my,mfaiz@angkasawan.org.my,03-22832119,"No. 4-2, Lorong Maarof,
Bangsar Park",Kuala Lumpur,,,,
asylumaccess.org,deepa.nambiar@asylumaccess.org,322015439,"No.18-B, Jalan Bangsar, 59200 Kuala Lumpur",Bangsar,,,,
www.atmah.org,gopal@atmah.org,143257573,"NO. 67, JLN PLS 1/48, TAMAN PETALING JAYA UTAMA 7",PETALING JAYA,,,,
permatacamar.com,permatacamarkuantan@gmail.com,09-5341320,"Lot 9015, Lorong Cempaka 1, Kampung Seri Cempaka, 25150, Kuantan",Kuantan,,,,
badanwarisanmalaysia.org,melanie@badanwarisan.org.my,60321449273,NO. 2 JALAN STONOR50450 KUALA LUMPUR,Kuala Lumpur,,,,
www.bubslfl.org.my,bubslfl@gmail.com,377106010,"No. 3 Jalan BU3/1, Bandar Utama, 47800 Petaling Jaya, Selangor","Petaling Jaya, Selangor",,,,
http://www.slideshare.net/allanmelvin/batu-grace-latest-profile-2013,imaraaj@gmail.com,016-3314588,"No 27, Jalan Desa Man S16/2, Taman Desa Aman",Padang Meiha Padang Serai,,,,
www.beautifulgate.org.my,shannyn@beautifulgate.org.my,603- 78758609,No.1 Jln SS2/54,Petaling Jaya,,,,
www.puchong.beautifulgate.org.my,puchong@beautifulgate.org.my,603-80600072,"No 17, Jalan Tpp 1/36, Taman Perindustrian Puchong",Puchong,,,,
http://www.befrienders.org.my/,admin@befrienders.org.my,03-79571306,95 Jalan Templer,Petaling Jaya,,,,
http//www.pafid.org.com,bpsmtpg@gmail.com,58061281,"Bengkel Perlindungan Semangat Maju703,Lorong 35, Aulong34000 Taiping",Taiping,,Facebook Profile,,
www.bethanyhome.org.my,2bethanyhome@gmail.com,192151329,"SIMPANG EMPAT,36400 HUTAN MELINTANG,PERAK",Hutan Melintang,,,,
www.bacus4u.org,bacus4u@gmail.com,60333818037,37A Jalan Raya Barat,Klang,,,,
www.biji-biji.com,share@biji-biji.com,03-62429809,"No 2, Jalan Sungkai, Off Jalan Ipoh,Taman Rainbow,51100 Kuala Lumpur.",Kuala Lumpur,,,,
http://www.boldspecial.org,boldspecial@gmail.com,604-6598611,"CO-3-GF, CARING SOCIETY COMPLEX, JALAN UTAMA, 10450 PENANG, MALAYSIA.",GEORGETOWN,,,,
,sitirahayubaharin@gmail.com,6013-669 6081,"22 Jalan SG 6/5, Batu Caves, Selangor",-,,,,
www.care4cads.my,cadscentre2011@gmail.com,166237074,"JKR 2925, Persiaran Ledang Off Jalan Duta,",Kuala Lumpur,,,,
www.calvary.org.my,shereenwongyh@gmail.com,6016 338 7171,"Lot 471 Jalan ke Kampung Ulu Chuchoh 43950 Sungai Pelek, Sepang.",Sungai Pelek,,,,
www.carif.com.my,jane.kweh@carif.com.my,03 5639 1970,"2nd Floor, Outpatient Centre,
Sime Darby Medical Centre,
Selangor Darul Ehsan.",Subang Jaya,,,,
www.caramasia.org,cynthiaann@caramasia.org,03-2282 1669,"Wisma Hamid Arshat,
12-5, Jalan Bangsar Utama 9,
Bangsar Utama",Kuala Lumpur,,,,
www.facebook.com/pages/Caressmalaysia/233091216728434,suseela_thevi@yahoo.com,03 33737200,"11A, Jalan USJ 16/2N,",Subang Jaya,,,,
catbeachpenang.com,catlovers.my@gmail.com,48811015,"715 Jalan Teluk Bahang, MK 2Teluk Bahang 11050Pulau Pinang, Malaysia",Pulau Pinang,,,,
www.case.org.my,info@case.org.my,129295481,02-3 Cova SquareJalan Teknologi Sains 1PJU 5 Kota Damansara Selangor,Petaling Jaya,,,,
cetdem.org.my,ed@cetdem.org.my,+603-7875 7767,17 Jalan SS 2 / 53 47300 Petaling Jaya Selangor,Petaling Jaya,,,,
www.challengermalaysia.org/,challengermalaysia@gmail.com,126679835,"165-3-9 Wisma Mutiara, Jalan Sungai Besi",Kuala Lumpur,,,,
www.charishospice.com,charishospice@gmail.com,1112466757,"26 & 28 LINTANG PAYA TERUBONG 3, 11060 PENANG",Pulau Pinang,,,,
www.facebook.com/ChempakaBuddhistLodge,yntan@chempaka.org.my,03-78803936,"60, Jalan SS 23/25, Taman SEA, 47400 Petaling Jaya, Selangor.",Selangor,,,,
https://www.facebook.com/cherishlifehome,cherishlifehome@live.com,390763101,"G-1, Jalan Ceria 1
Batu 9, Taman Seri Cheras
43200 Selangor",Hulu Langat,,,,
www.child.org.my,childmal@yahoo.com,163123754,"Unit 23, Tingkat 1Jalan 15/48A off Jalan Sentul51000 Kuala Lumpur",Kuala Lumpur,,,,
https://www.facebook.com/pages/Child-Rising/457205487697849?fref=ts,childrisingpg@gmail.com,-,"53 Westlands Road, 10400 Penang, Malaysia",Pulau Pinang,,,,
,feezkoh@yahoo.com,102382810,No.6 Jalan 6/21 Section 6,Petaling Jaya,,,,
,csnselangor@gmail.com,012-2786219,"No. 16, Lorong Utara A, Petaling Jaya, 46200, Selangor,",-,,,,
www.cybercare.org.my,elena@cybercare.org.my,603-8942 3488,"19, Jln PBS 14/3, Taman Perindustrian Bukit Serdang",Seri Kembangan,,,,
www.damai.org.my,info@damai.org.my,133649188,"No. 4, Lorong 1A/71J,Jalan Carey,46000 Petaling JayaSelangor",Petaling Jaya,,,,
www.facebook.com/DapurJ07/,dapurj07@gmail.com,60173477680,"45, Jalan Sg. Kapar Indah 5D,Taman Sg. Kapar Indah42200, KlangSelangor",Selangor,,,,
www.daj.org.my,desaamaljireh@gmail.com,603-87245153/8,"Desa Amal Jireh, 
Lot 340, 
Jalan Broga 1st Kilometre,",Semenyih,,,,
www.dignityandservices.com,helen@dignityandservices.com,03 - 7865 3151,"Peti Surat 498, Jalan Sultan",Petaling Jaya,,Facebook Profile,Instagram,
www.dignityforchildren.org,barbara@dignityforchildren.org,340441397,"No. 7-3, Jalan 15/48A,
Sentul Boulevard,",Kuala Lumpur,,,,
www.dicpahang.org,dicpahang@yahoo.com,+609 5145575,"DiC Pahang
Kompleks Belia dan Sukan Pahang
Jalan Tun Ismail
25000 Kuantan
Pahang Darul Makmur
Malaysia

@

PO Box 379
Pejabat Pos Besar Kuantan
25000 Kuantan
Pahang Darul Makmur
Malaysia",Kuantan,,,,
http://www.shuangfu.org,goh@shuangfu.org,03-79831842 / 43,"125, Jalan Hujan Emas, Taman Overseas Union",Kuala Lumpur,,,,
www.ecoclubmalaysia.org,kevin@ecoclubmalaysia.org,1123246213,"KAGC, No. 9, Jalan Gereja, Kuala Lumpur",-,,,,
ecoknights.org.my,dania@ecoknights.org.my,603 7731 8361,"EcoKnights
41, Lorong Burhanuddin Helmi 11, 
Taman Tun Dr. Ismail",Kuala Lumpur,,,,
ewrf.org.my/,johor_bahru@ewrf.org.my,017-7633134,"6054A, JALAN SIANTAN 1, BANDAR INDAHPURA, 81000 KULAIJAYA, JOHOR D.T.",Johor Bahru,,,,
www.ewrf.org.my,admin@ewrf.org.my,1111663612,"No 4B, Persiaran Zaaba, Taman Tun Dr. Ismail 60000 Kuala Lumpur",Kuala Lumpur,,,,
empowered.org.my/,publicrelations@empowered.org.my,03-7726 8806,"Suite 316, Level 3 (Lift Lobby 3) Block A,
Damansara Intan e-Business Park,
No.1, Jalan SS20/27,  Petaling Jaya,
Selangor Darul Ehsan, Malaysia.",Petaling Jaya,,,,
ewb-malaysia.org/,gplaudrey@gmail.com,60143371707,"2A Jalan SS3/2
47300 Petaling Jaya
Selangor Malaysia",Petaling Jaya,,,,
epichome.org,info@epichome.org,+603-5613 5683,"No. 15, Jalan PJS 11/18,
Bandar Sunway,",Subang Jaya,,,,
www.ewrf.org.my,shanthi@ewrf.org.my,+603-8024 6050,"No 42, Jalan USJ9/5Q,",Subang Jaya,,,,
http://frham.org.my/index.php,frham@frham.org.my,03-56337514,"81-B, Jalan SS 15/5A,47500 Subang Jaya,Selangor Darul Ehsan",Subang Jaya,,,,
www.fernconsulting.wordpress.com,voicemsia@gmail.com,126349842,"43 Jln USJ 11 / 3 L,",Subang Jaya,,,,
www.freetreesociety.org,freetreesociety@gmail.com,123201347,142 Jalan Maarof,Bangsar,,Facebook Profile,Instagram,
www.fungatessuperflowfoundation.org,info@fungatessuperflowfoundation.org,03-58805027,"5, Jalan Jinjang Aman 16, Jinjang Utara",Kuala Lumpur,,,,
furkidsfarm.com,dennis@furkidsfarm.com,164193238,"E4-2A Indah Condo 2, Jalan PJU 10/9, Prima Damansara 47830 PJ",PJ,,,,
cerebralpalsy.org.my,cerebralpalsy.my@gmail.com,-,"A-0-1 PLAZA DAMAS 3, SRI HARTAMAS, 50480 KUALA LUMPUR",Kuala Lumpur,,,,
https://gpms.org.my/,ammarkamil8@gmail.com,175665150,"No 85 BLOK K RPA 2 FASA 2 JALAN BEMBAN 31000 BATU GAJAH,PERAK",Batu gajah,,,,
www.generasibersatu.my,izatizwan@gmail.com,+6017 655 8550,"Suite 5-01, 5th Floor, Menara Atlan, 161B, Jalan Ampang",Kuala Lumpur,,,,
gerham.simplesite.com,gerhamhq@gmail.com,60193283575,"V1/25A Blol L, Tingkat 1, Jalan PlumbumV7/V, Pusat Komersil Seksyen 7",Shah Alam,,,,
https://www.facebook.com/gibbonprotectionsociety/,ainnajihah29@gmail.com,177419503,"F4-01-02, Quarters Pergerakan Am, BN6 PGA, Bakri Batu 6, 84200, Muar, Johor,",,,,,
www.glased.org,info@glased.org,009714 5677233,"Level 16 Emirate Tower , Sheikh Zayed Road , UAE Dubai",Kuala Lumpur,,,,
www.gec.org.my,outreach@gec.org.my,60379572007,"2nd Floor, Wisma Hing, No.78, Jalan SS2/72",Petaling Jaya,,,,
www.globalstreetmission.org,jenny@globalstreetmission.org,(6)03-62588099,"GLOBAL STREET MISSION
P.O. BOX 10645
50720 Kuala Lumpur
MALAYSIA",Kuala Lumpur,,,,
www.globalstreetmission.org,jns@live.com.my,362588099,"No. 10, Pesiaran Negeri Sembilan,
Bukit Persekutuan,",Kuala Lumpur,,,,
www.goodshepherd.my,info@goodshepherd.my,603-20957406,"c/o Villamaria Good Shepherd
Lorong Setiabistari 2
Medan Damansara",Kuala Lumpur,,,,
www.gracecommunityservices.my,inquiry@gracecommunityservices.my,0333414044/ 0333414045,"No 7, Jalan Dendang 1, 
Kawasan 16, 
Berkeley Town Centre,",Klang,,,,
https://www.greatheartcharity.org.my/,info@greatheartcharity.org.my,03-5131 6107,"Blok N-6-03, The Gamuda Biz Suites,  Persiaran Anggerik Vanilla,  Kota Kemuning,  40460 Shah Alam,  Selangor.",Shah Alam,,Facebook Profile,YouTube Channel,Instagram
greenleaftheatre.org,greenleaftheatre@gmail.com,60165099421,"Lot 10, Taman Bulan, Jalan Nosoob-Hungab",Penampang,,,,
www.gtcommunitycare.org,info@gtcommunitycare.org,03-33599105,"210, Jalan Meru,",Klang,,,,
gyeongchal.ma@gmail.com,gyeongchal.ma@gmail.com,60196699907,"16,Jalan Rimbunan Matahari3, Laman Rimbunan",Kuala Lumpur,,,,
www.helpmymasjid.com,helpmymasjid@gmail.com,06-9811762,"Suite 2438-B, Parit Keroma, Jalan Dato' Haji Kosai, Bakri",Muar,,,,
www.facebook.com/HomeofPeaceKL,homeofpeacekl@gmail.com,178755676,"No. 100, Jalan Nyaman 1, Taman Bukit Indah, Jalan Klang Lama",Kuala Lumpur,,,,
www.facebook.com/hopeforautism,richliew@hotmail.com,05-5467827,"No. 88, Jalan Bulan, Taman,
Taman Westpool,",Ipoh,,,,
https://www.facebook.com/HopeMissionHome,hopemissionhome@ymail.com,+6016-565-4370,"No. 202, Lorong 7, Taman Impiana 2, Jalan Merbuk 36000 Teluk Intan",Teluk Intan,,,,
www.facebook.com/hugsmy/,ahnisothman@gmail.com,,"28, Jln.USJ12/1, USJ12,Subang Jaya47630 SelangorMalaysia",Subang Jaya,,,,
hass.life,hanifmahpa@gmail.com,013-3974643,"No 14, Jalan 4, Selayang Baru, Batu Caves",Selayang,,,,
https://www.facebook.com/ikonBeliaBersatu,fadzlishah@bioenergy2u.com,011-11100911,"F-9-1B Jalan Prima Suajana 2/c, Kajang , Selangor, Malaysia",Kajang,,,,
www.ilmu.mobi,nindya@mymobileuni.com,60377323443,"Damansara Perdana, Petaling Jaya. Selangor. Malaysia",Petaling Jaya,,,,
www.iltcmalaysia.org.my,iltcmalaysia@gmail.com,603-6093 6292,"No. 76, Jalan Taman Garing 4
Taman Garing
48000 Rawang
Selangor Darul Ehsan",Rawang,,,,
www.facebook.com/IndianLeadersAssociation,kbitr.ila@gmail.com,143858620,"701,Taman Rahang, 70100 Seremban, Negeri Sembilan",Seremban,,,,
www.facebook.com/Infinity.Youth.Association,infinity.youth.association@gmail.com,192155392,G-04 LORONG TAMBUN JAYA 5SIMPANG AMPATSEBERANG PERAI SELATANPENANG,PENANG,,,,
http://insan.org.my,contact@insan.org.my,601129470026,"No. 5, Baitul Rahmah, Jalan Rahmat, Teras Jernang",Bangi,,Facebook Profile,Instagram,
http://institutonnjaafar.com,insitutonnjaafar@gmail.com,192615931,"Institut Onn Ja'afar Volunteer Centre 324, Jalan Tuanku Abdul Rahman,","Kuala Lumpur, Wilayah Persekutuan Kuala Lumpur",,,,
www.intelligentsocietyofmalaysia.org,elan@intelligentsocietyofmalaysia.org,60129228619,"No 1,One Utama City Centre",Petaling Jaya,,,,
www.inxo.org.my,dikson@inxopro.com,168831628,Lot L1-01?1st Floor?Shaw Parade?Changkat Thambi Dollah,Kuala Lumpur,,,,
www.ipsi.com.my,ipsimal@gmail.com,42274847,"IPSI BUILDING, NO 197, JALAN ARGYLL, 10050 GEORGETOWN, PENANG",GEORGETOWN,,,,
www.iwingsmalaysia.weebly.com,iwings4u@gmail.com,163965108,No.7 Jalan Cassia 1/ks6 Bandar Botanic 41200 Klang Selangor,Klang,,,,
www.facebook.com/pg/JAROJB,jarokraf@hotmail.com,60197828189,"No 18Jalan Sungei Chat,80100 Johor BahruJohor",Johor,,,,
www.jci.cc/local/intan,intanpresident2014@gmail.com,168287675,"W.D.T. 95, 88900 Kota Kinabalu, Sabah, Malaysia",Kota Kinabalu,,,,
https://www.facebook.com/official.jejakkembarag7?fref=ts,jejakkembara_g7@yahoo.com,60126363807,"No 7452 Blok E, Jalan Sri SiantanTaman Sri Siantan, Durian Tunggal",Melaka,,,,
joy.org.my/,hoj92@yahoo.com,380704497,"No. 78A, Jalan TK1/1, Taman Kinrara, Batu 7 Jalan Puchong",Puchong,,,,
www.juaraturtleproject.com,contact@juaraturtleproject.com,94193244,KG Juara,Tioman Island,,,,
jcikk.org,secretary@jcikk.org,168474011,"72-3, 3rd Floor, Wisma New Far East, Jalan Lintas, 88300, Kota Kinabalu, Sabah, Malaysia",Kota Kinabalu,,,,
www.jcisj.org,secretary@jcisj.org,145765469,"2nd Flr, Perpustakaan Lama Sibu Jaya, Sibu Jaya 96000 Sibu, Sarawak",Sibu,,Facebook Profile,,
www.kechara.com/ksk,ksk@kechara.com,010-3333 260,"No. 17 Jalan Barat, Off Jalan Imbi, 55100 Kuala Lumpur",,,Facebook Profile,,
pakmieshelter.com,pakmie.azmi56@gmail.com,124090489,"1256 taman pknk,jalan tun razak.05200,alor setar,kedah",Alor Setar,,,,
bujangvalley.com.my,archeosungaibatu@gmail.com,04-4403668,"188, JALAN TUANKU HAMNAH 3, TAMAN TUANKU HAMINAH, 08000 SUNGAI PETANI, KEDAH",SUNGAI PETANI,,,,
,norfaiz@outlook.com,193192610,"52-10A, Jalan Sri Tanjung, Parit Jawa, Muar, Johor",Muar,,,,
https://www.facebook.com/kelabfutsal.selayangpermai,dr.kreuder@live.com,361364007,"No.79, Jalan Permai 6, Selayang Permai
68100 Batu Caves, Selangor Darul Ehsan",Batu Caves,,,,
ngohub.asia,seksc@moh.gov.my,179550822,"Klinik Kesihatan Machang, 18500 Machang Kelantan","Machang, Kelantan",,,,
www.nurinsaniah.com,jamiansarif@gmail.com,331222551,"NO 59 A,Tingkat 1 Jalan Pandan,Taman Dato' Hormat,",Telok Panglima Garang,,,,
Malaysian Rakyat Charity Club (KKRM),malaysianrakyatcharityclub@gmail.com,012-5740 937,"NO.11C, JALAN BK 1/13, TAMAN PERINDUSTRIAN BANDAR KINRARA, PUCHONG",selangor,,,,
putrajayaprihatin.com,eputrajayaprihatin@gmail.com,1132928711,Masjid Tuanku Mizan Zainal Abidin Putrajaya,Putrajaya,,,,
-,adammerz91@gmail.com,-,adammerz91@gmail.com,Kuala Krai,,,,
xxxxx,kskjalong@gmail.com,165511302,Peti Surat 358,Sungai Siput (U),,,,
,erabaruiph@gmail.com,52410399,"48A, Medan Istana, Bandar Ipoh Raya,",Ipoh,,,,
KTK ALOR SETAR,kelabthalassaemiakedah@yahoo.com,013 5993577,"No 93 kampung langgar 06500, Alor Setar, Kedah",Alor Setar,,,,
,lokesimfatt@gmail.com,6012-2228333,"NO 2, JALAN BS 5/28B,TAMAN BUKIT SERDANG,43300 SERI KEMBANGAN,",Selangor,,,,
www.facebook.com/adrfmalaysia,adrfasia@gmail.com,-,"No 26, Jalan 5/144A, Taman Bukit Cheras, Kuala Lumpur",Kuala Lumpur,,,,
www.kuasa.org,kuasa.org@gmail.com,123302030,"25 JALAN PERDANA 10/2, PANDAN PERDANA, KUALA LUMPUR, Kuala Lumpur,",Kuala Lumpur,,,,
www.theleadinstitute.org,hello@theleadinstitute.org,389336219,"No 36-3, Jalan Metro Pudu, Fraser Business Park, Off Jalan Yew, 55100",Kuala Lumpur,,Facebook Profile,YouTube Channel,Instagram
www.facebook.com/lightupborneo,lightupborneo2013@gmail.com,60163302090,"41 Jalan Radin 4, Sri Petaling",Kuala Lumpur,,,,
lionsclubofklsentul.blogspot.com,ohteikkeng@gmail.com,169268686,"5 Jalan 23/119Taman Taynton View, 56100 Kuala Lumpur",-,,,,
www.facebook.com/LostAnimalSoulsShelter,lostanimalsouls@yahoo.com,03- 61426272,"No. 1550, Jalan Merpati, Taman Zooview,",Ampang,,,,
maahadlilaytam.wordpress.com,srazikin@yahoo.com,162085994,"Lot 2978, Lorong Melati, Kampung Damai, 48050 Kuang, Selangor",Kuang,,,,
N-A,mkpms@ymail.com,03-79576897,"Bilik 4, Tingkat 4, Bangunan Sultan Salahuddin Abdul Aziz Shah, No. 16, Lorong Utara (A)",Petaling Jaya,,,,
rehabmalaysia.org,myrehabcouncil@gmail.com,603-79553510,"BILIK 3, TINGKAT 4, BANGUNAN SULTAN SALAHUDDIN ABDUL AZIZ SHAH, NO. 16, LORONG UTARA A",Petaling Jaya,,,,
www.mpksm.org.my,abc@gmail.com,125878212,"Lot 1750, Batu 4, Jalan Changloon, Kodiang 06100 Kedah",Kodiang,,,,
www.mtem.my,media@mtem.my,322846670,"24, Jalan Telawi 9,",Bangsar,,,,
www.mbnpa.org.my,mbnpa.learning@gmail.com,+6016 6261217,"ZP-02-21, Zest Point, Lebuhraya Bukit Jalil, BK 9, Bandar Kinrara",KUALA LUMPUR,,,,
https://www.facebook.com/myfastofficial/,myfastofficial@gmail.com,018-2200866,"Kompleks Penghulu Mukim Hulu LangatBatu 14, 43100 Hulu Langat",Hulu Langat,,,,
hemptech.org.my/,mfaisal@hemptech.org.my,1132697272,"J-2-15, Plaza Damas, Jalan Sri Hartamas 1,Sri Hartamas",Kuala Lumpur,,,,
www.maamandram.org,rishi.mhdm@gmail.com,-,"No.61-2A,2nd Floor,Pearl Court, Jalan Thamby Abdullah,Brickfileds,50470 Kuala Lumpur
03 2260 6016
 
http://www.facebook.com/Maamandram",Kuala Lumpur,,,,
-,malaysiahopeassociation@gmail.com,102260167,"No 1 Jalan 9b Ampang Jaya 68000 Ampang, Selangor",kuala lumpur,,,,
,mkantasamy@yahoo.com,139377651,"No.1, Jalan 15, Taman Seri Cheras, Bt.10, Cheras, 43200, Selangor, Malaysia,",-,,,,
https://www.facebook.com/maawar.welfare.rescue,maawar.welfare.rescue@gmail.com,03-79321524,"No 17, Jalan Sungai Jernih 8/1",Petaling Jaya,,,,
www.facebook.com/mycpmalaysia,mycp1malaysia@gmail.com,355691155,"Transwater API Sdn Bhd
No 35, Jalan Pengacara U1/48
Temasya Ind Park",shah alam,,,,
www.mycp.org.my,mycp@mycp.org.my,60122881456,"No 63, Taman Meru Permai,Jalan Jambu Batu 7/KU10, Jalan Jambu Kapar,",Klang,,,,
WWW.MARES.ORG.MY,9m2rzl@mares.org.my,176391632,P.O. Box 8124  Pejabat Pos Kelana Jaya 46782 Kelana Jaya Selangor,Selangor,,,,
www.maeh.org.my,vmosram@gmail.com,60133335361,"Jalan Bangsar,59590 Kuala Lumpur.",Kuala Lumpur,,,,
www.myasli.org.my,myasli@outlook.com,03-80709308,"No 3A-12, Menara KLH,
Bandar Puchong Jaya,",Puchong,,,,
www.masw.org.my,contact@masw.org.my,+60-12-6846937,"Room 2nd Floor, SSAAS Building,No. 16, Jalan Utara,46200 Petaling Jaya",Petaling Jaya,,,,
https://www.facebook.com/mayc.kualaterengganu,mayc_kt@yahoo.com,145068775,785-C KAMPUNG LOSONG HAJI MAT SYAFIE 21000 KUALA TERENGGANU,Kuala Terengganu,,,,
www.malaysiancare.org,mail@malaysiancare.org,60390582102,"15, Jalan Tasik Selatan 3,Bandar Tasik Selatan,57000 Kuala Lumpur",Kuala Lumpur,,,,
www.mcri.org.my,mcricheras@gmail.com,03-9133 7849,"No.4A Jalan 2/98 Taman Supreme, Cheras 56100 Kuala Lumpur.",KUALA LUMPUR,,,,
http://www.mkkm.org.my/mkkm1.htm,mkkmngo@gmail.com,+ 60 3 9285 0309,"25A, Jalan Kampung Pandan, 
55100 Kuala Lumpur, 
MALAYSIA",kampung pandan,,,,
www.mfdeaf.org.my,mfdjbi@gmail.com,03-80709308,"No 3A-12, Menara KLH,
Bandar Puchong Jaya,",Puchong,,,,
,dashne@zehbraa.com,60166049545,"No 30, Jalan Sungai Rasau, 32/24 Berjaya Park, 40460, Shah Alam, Selangor,",Shah Alam,,,,
www.liver.org.my,secretariat@liver.org.my,+603-78426101,"No. 26 Block C, Jalan PJU 1A/3Taipan Damansara 2, Ara Damansara",Petaling Jaya,,,,
www.mnawf.org.my,secretary@mnawf.org.my,-,"WISMA MEDIVET
NO. 8 JALAN TUN RAZAK
50400 KUALA LUMPUR
MALAYSIA",Kuala Lumpur,,,,
http://www.mns.my,partnerships@mns.org.my,03 2287 9422,"JKR 641, JALAN KELANTAN, BUKIT PERSEKUTUAN, 50480 KUALA LUMPUR.",Kuala Lumpur,,Facebook Profile,YouTube Channel,
www.miweps.org,info@miweps.org,123455073,"No 6, Changkat Semantan, DamansaraHeights",-,,,,
malaysiampa.wix.com/malaysiampa,malaysia.mpa@gmail.com,012-3260209,"1-6, BLOCK A, JALAN PJS 3/46, TAMAN SRI MANJA SQUARE",PETALING JAYA,,,,
www.mrds.org.my/,info@mrds.org.my,019-7714543,"16 Lorong 5/10D,46000 Petaling Jaya",Kuala Lumpur,,,,
http://www.msri.org.my/,admin@msri.org.my,(03) 4252 8699,"1A, Tingkat 1, Jalan Mamanda 7, Ampang Point, Ampang, Selangor",Kuala Lumpur,,Facebook Profile,YouTube Channel,Instagram
msch.org.my,tyko2686@yahoo.com,60193285928,"116, Jalan Wan Empok 2,Sri Petaling",Kuala Lumpur,,,,
https://www.facebook.com/pages/Malaysia-Parents-with-Disabilities-Association/273016262722684?ref=hl,mpda.2011@gmail.com,03-80600072,"A-04-23, Jalan Puteri 7/1, 
Sri Camelia Apartment,
Bandar Puteri Puchong,",Puchong,,,,
www.targas.com.my,targasmalaya@gmail.com,361433402,"Lot 86D, 
Batu 13, 
KG. Melayu,",Sungai Buloh,,,,
https://www.facebook.com/maxfamilymalaysia,mymaxfamily@gmail.com,377269903,"Unit 1302, Lobby 1, Block A, Damansara Intan, No.1, Jalan SS20/27",Petaling Jaya,,,,
mcchr.org/resources,resources@mcchr.org,03-22011454,A-3A-8 Pantai Business ParkJalan Pantai Baharu59200 Kuala Lumpur,-,,,,
www.mercy.org.my,info@mercy.org.my,03-77335920,"Unit 19-8, Menara Oval Damansara",Kuala Lumpur,,Facebook Profile,YouTube Channel,Instagram
www.missmalaysiaindianglobal.com,nishu39@hotmail.com,03- 22987364,"Level 28, The Gardens South Tower, Mid Valley City, Lingkaran Syed Putra",Kuala Lumpur,,,,
www.montfort.org.my,mindymbt@gmail.com,03-55191735/36,"Jalan Montfort
40150 Shah Alam,
Selangor Malaysia",Shah Alam,,,,
www.montfort.org.my,boystown.montfort@gmail.org.my,03 - 55191735/6,MONTFORT BOYS TOWNJALAN MONTFORT40150 SHAH ALAMSELANGOR.,"Shah Alam, Selangor",,,,
www.mpxventureholding.com,amirdahari69@gmail.com,194421159,"N0,5,Tingkat 1,Jalan Todak 3Pusat Bandar Seberang Jaya",SEBERANG JAYA,,,,
mukaspace.org.my,info@mukaspace.org.my,123260209,"31, Lorong Sentosa 39b,Taman Bunga Melor",Klang,,,,
www.msmalaysia.com.my,padmam46@gmail.com,03-78746601,"Unit 4-14, 4th Floor, Building Information Centre
Lot 2, Jalan 243",PETALING JAYA,,,,
http://myharapan.org/,admin@myharapan.org,+603 77318116,"1532 Level 15 (Lift 7) Block A,
Damansara Intan, 1, Jalan SS20/27",Petaling Jaya,,,,
www.mykasih.com.my/web/index.php,shafinaz.suhaimi@mykasih.com,60377201888,"Level 3, DIALOG TOWER, No. 15, Jalan PJU 7/5, Mutiara Damansara, 47810 Petaling Jaya, Selangor Darul Ehsan, Malaysia.",Petaling Jaya,,,,
myshiningstarfoundation.com,kaavithashiningstar@gmail.com,377323224,"175A,Jln Aminuddin Baki,Taman Tun Dr Ismail 60000 Kuala Lumpur",Kuala Lumpur,,,,
www.nalanda.org.my,info@nalanda.org.my,03-8938-1500,"3357, Jalan 18/31, Taman Sri Serdang",Seri Kembangan,,,,
www.nasom.org.my,marcom@nasom.org.my,03-7886 8233,", No 2, Jalan PJU 1A/41BAra Damasara","Petaling Jaya, Selangor",,,,
www.cancer.org.my,indira@cancer.org.my,603-26987300,"66, Jalan Raja Muda Abdul Aziz,",Kuala Lumpur,,,,
ncbm.org.my,ncftb@po.jaring.my,03-2272 4959,"94-B Jalan Tun Sambathan,",Brickfields,,,,
www.necicmalaysia.org,enquiries.necic@gmail.com,125885831,"26, Lorong Canning, Taman Canning, 31400 Ipoh, Perak.",Ipoh,,,,
www.nkf.org.my,fundraising@nkf.org.my,123266862,"70, Jalan 14/29, 46100 Petaling Jaya, Selangor Darul Ehsan",Selangor,,,,
www.ssvpselangor.com,ssvdpsel@gmail.com,03-77839946,"Unit 3-10, Times 89 Business Plaza, Taman Sri Sentosa, Old Klang Road, Kuala Lumpur",Kuala lumpur,,,,
www.nasam.org,sylviachong@nasam.org,03-79561876,"No.12 Jalan Bukit Menteri Selatan 7/2, 46050 Petaling Jaya, Malaysia",Petaling Jaya,,,,
www.facebook.com/krija,needo.info@gmail.com,016-22577309,Kajang,Kajang,,,,
www.nestormalaysia.org,castelloqasim@gmail.com,09-5177116,"No 122 Mezzanine Floor, Pintu 10,
Stadium Darul Makmur,",Kuantan,,,,
nlccnews.wordpress.com,vanitha.samuel7@gmail.com,019-3950159,"No.18-2-9 Jalan Sri Jati 1, Taman Sri Jati",Kuala Lumpur,,,,
ngohub.asia,info@ngohub.asia,390549247,"1 Petaling Condos#1-9 Jalan 1C/149, Off Jalan Sungai Besi,57100 Kuala Lumpur",Kuala Lumpur,,Facebook Profile,YouTube Channel,
,nufamtheunion@nufam.org,379620025,"Level 28, No 16 A, Persiaran Barat, PJ Exchange, Petaling Jaya",Petaling Jaya,,,,
www.facebook.com/Orkids.P7,orkids.centrecoordinator@gmail.com,123602708,"2 Jln 22/57 , Seksyen 22",Petaling Jaya,,,,
www.facebook.com/pages/Pakistani-Women-Self-Help-Centre/1508371269388291?sk=timeline,gyasmin60@gmail.com,163560296,"2 Jalan Dagang 16 Kampung Lembah Jaya Selatan,",Ampang,,,,
pamda.org.my,info@pamda.org.my,012-3260209,"31, LORONG SENTOSA 39B, TAMAN BUNGA MELOR",Klang,,,,
jumblestation1.blogspot.com,jumblestation@gmail.com,162202958,"F1-01-05 Angsana Flats, Subang Mewah, USJ1 Subang Jaya 47620",Selangor,,,,
pekamalaysia.org,hello@pekamalaysia.org,+603-55133803,"15, Jalan Akuatik, 13/77C D�Kayangan, Section 13,40100 Shah Alam",Selangor,,,,
www.catbeachpenang.com,tipsyorange@gmail.com,60169549881,"778 Jalan Teluk Awak, MK 2, Teluk Bahang 11050 Penang Island, Malaysia",-,,,,
www.peniwa.org,secpeniwa@gmail.com,177895675,"1-9-24, Desa Putra, Persiaran Bayan Indah 3,11900 Bayan Lepas, Penang",Bayan Lepas,,,,
www.peniagawati.org.my,secretariat@peniagawati.org.my,326020112,"29, Jalan Kent 3,",Kuala Lumpur,,,,
www.ppcs.org.my,admin@ppcs.org.my,05-5464732,"54, Jalan Sultan Azlan Shah31400 IPOH,PerakMalaysia",Ipoh,,,,
www.pww.org.my,perakwomenforwomen@gmail.com,05-5469715,52 Jalan Sultan Azlan Shah,Ipoh,,Facebook Profile,,
perinnbam.org,perinnbammalaysia@gmail.com,03-61855949,"No. 1-22, Jalan Prima SG 1, Taman Prima Sri Gombak, 68100 Batu Caves Selangor Malaysia",Batu Caves,,,,
None,sempurna2009@hotmail.com,012-7618288,"4-2B, Block A, Johbase City SquareJalan Lambak, 86000 Kluang, Johor",Kluang,,,,
www.facebook.com/asdaf.perkim,asdafperkim@gmail.com,03-22831009,"NO10, CANGKAT PERSEKUTUAN,BUKIT PERSEKUTUAN,50480 KUALA LUMPUR, WPKL.",Kuala Lumpur,,,,
,fatihahnuriman@gmail.com,197711127,"Perkumpulan Perempuan, Jalan Tun Dr. Ismail, Mersing",Mersing,,,,
perlis animal lover society,tansrikang@gmail.com,134300443,"no 5,Jalan Permata 3,Taman Harmoni,01000,Kangar,Perlis",kangar,,,,
NIL,profxdesigner01@gmail.com,187938114,"NO 7A,JALAN SUNGAI PARI 30100 IPOHPERAK DARUL RIDZUAN",IPOH,,,,
www.alamsekitar.com,alamsekitar@hotmail.com,355427121,"No.20A, Jalan Tenggiri 17/23, Seksyen 17,",Shah Alam,,,,
mawarwanitakelantan.blogspot.my/,mawar.kelantan@yahoo.com,199747227,"Lot 2381 Tingkat Satu,Padang Bongor,Jalan Long Yunus","Kota Bharu, Kelantan",,,,
www.autisme-malaysia.com,autisme.malaysia@gmail.com,193811907,"No 2F-1, Jalan Raya 2,Kawasan Perusahaan Seri Kembangan",Seri Kembangan,,,,
www.facebook.com/pallabuan/,labuanautismcentre@gmail.com,017-2310806,C6B  SABAHKAMPUS ANTARABANGSA LABUANJALAN SUNGAI PAGAR,Labuan,,,,
hwww.facebook.com/SekolahKanakKanakIstimewaJohorBahru/,pbkkaj_ski@yahoo.com.my,72247243,"LOT 17882, JALAN GERTAK MERAH,80000 JOHOR BAHRU,JOHOR",Johor Bahru,,,,
www.hawanyyunus1957@gmail.com,hawanyyunus1957@gmail.com,135302952,"Lot 312700 Kampung Tersusun Batu Karang,Jalan Ipoh/Kampar",Kampar,,,,
crsmalaysia.blogspot.com,crsmheadquarters@gmail.com,172426119,"11A, JALAN RESTU, TAMAN RESTU, OFF JALAN SEMENYIH",KAJANG,,,,
http://crsmalaysiahq.blogspot.my/?m=1,isaacwongkahkiet@gmail.com,601115386873,"Lot 103, Lorong Damai 3, Taman Damai, Batu 4,Jalan Utara,9000Sandakan",,,Facebook Profile,,
www.facebook.com/InspirasiKinabalu,abqaree.oc@gmail.com,166888068,NO.1 LORONG POKOK SERAYA 5H/2TAMAN KHIDMAT BUKIT PADANG,Kota Kinabalu,,,,
www.sptindianfa.com,sri.sivalingam@transpolegroup.net,60164808776,"03A-03, Pangsapuri Prima Aman, Lorong Perai Utama 8, 13600 Perai",Seberang Perai,,,,
www.damai.org.my,ragu@damai.org.my,+603 - 7782 3603,info@damai.org.my,Petaling Jaya,,,,
https://www.facebook.com/geny.ipoh,wongkengying@gmail.com,125340063,"31 jalan chan chee keong, ipoh garden south",Ipoh,,,,
www.facebook.com/migamlk,balasiva02@gmail.com,60166592730,"C4-14 RUMAH PANGSA BATU BERENDAMHANG TUAH JAYA, MELAKA, MALAYSIA",-,,Facebook Profile,,
persatuanharapanmulia.wordpress.com/,persatuanharapanmulia@gmail.com,351316107,"70B, Jalan Anggerik Vanilla Z31/Z,Kota Kemuning",Shah Alam,,,,
https://www.sayangsabah.com/lima-kategori-ibu-tunggal-boleh-mendaftar-dengan-pitsa/,giliti50@yahoo.com.my,198711887,"Lot 10 Lorong Bulan 1, Taman Bulan Jln Nosoob-Hungab, Penampang","Penampang, Sabah",,,,
-,yusnitaariffin@yahoo.com.my,03-55451261,"No.26, Jalan Kepau Dua 18/4B, Serksyen 18, 40200 Shah Alam, Selangor Darul Ehsan.",Shah Alam,,,,
impianmalaysia.com,impianmalaysia@gmail.com,60377260441,"55-M, Jalan SS21/1A, Damansara Utama, 47400 Petaling Jaya, Selangor",Petaling Jaya,,,,
IMC training centre for special needs,imcusj@gmail.com,178848943,"No. 56, USJ 4/6E, Subang Jaya, Selangor",Subang Jaya,,,,
http://www.pkki.org/index.asp,pkkihl@gmail.com,03-90761172 / 03-90815625,"43 & 45,Jalan Koop Cuepacs 4,Taman Cuepacs,Batu 8,Cheras 43200 Selangor",Cheras,,,,
joelepr@yahoo.com,joelepr@yahoo.com,012-5824733,"Klinik Joe, No. 36, Jalan Ibrahim, 08000, Sungai Petani, Kedah",-,,,,
alrahman.org,pkalrahmankelantan@gmail.com,+609 7487557,"20, 1st Floor, Lot 1186-951, Taman Uda Murni, Jalan Pengkalan Chepa",Kota Bharu,,,,
www.ngopksm.com,p.pksm@yahoo.com,146633069,GL2-02 BBK APRT BANDAR BARU KUNDANG 48050 RAWANG,Rawang,,,,
Nil,johraj@yahoo.com,60122866143,"AQ-04-07 GOOD YEAR COURT 10, USJ 15,47630 SUBANG JAYA. SELANGOR.",Subang Jaya,,,,
http://www.hopeww.org.my/,caesarteh@hopeww.org.my,03-4050 2541,"Unit 26-3, Boulevard Sentul Raya, Jalan 14/48A,",Sentul,,,,
www.hopeww.org.my,joeytan@hopeww.org.my,42613163,"No. 2-D, Lorong Delima 4,
Island Glades",Glugor,,,,
http://my.ask.com/web?l=sem&ifr=1&qsrc=999&ad=semA&an=google_s&q=bantuan%20ibu%20tunggal%20selangor&siteid=22961&gclid=CjwKEAjw14mhBRC0vdSNkI2l7CASJAC8OFS0dE9HxWVyvRcO1qo09iA7kavO2Iy0GQwTuSGDMOytIRoC-4Lw_wcB&o=22961&ar_uid=8D838380-67D5-4897-AF30-0C3DB7E8,rassara2012@gmail.com,123541715,"no 19,jalan meranti 2c/3 bandar utama batang kali",batang kali,,,,
www.joyworkshopmelaka.com,joyworkshopmelaka@gmail.com,06-2865572,"55, Jalan SP 4,
Taman Semabok Perdana,",Semabok,,,,
-,mataairkehidupan@ymail.com,603-60571837 / 603-60201180,"NO 59 Jalan Daisi 7 BS2
Bukit Sentosa,",Rawang,,,,
http://www.visionhome.org/,vsionhome@gmail.com,55277807,"39A, JALAN RISHAH RAYA, TAMAN RISHAH",IPOH,,,,
-,mangomorgan95@gmail.com,-,"Lot 9041, Jalan desa manjung Satu, Desa manjung Point, 32200 Manjung, Lumut",Lumut,,,,
dmastrakalimahcinta.blogspot.com,norazatul36@gmail.com,60179036404,"No 2, Lorong Seri Damai Perdana 21,Batu 6, Jalan Gambang","Kuantan, Pahang",,,,
www.pkkasih.org,persatuankebajikankasih@gmail.com,60-9130 6166,"76, Jalan Nadchatiram Satu,Taman Taynton View, Cheras 56000 KL",Cheras,,,,
www.livinghopeglobal.org,info@livinghopeglobal.org,,"No. 65A, Jalan SS 21/37,Damansara Utama,47400, Petaling Jaya,Selangor.",SELANGOR,,,,
xxxx,komunitimuhibbah@hotmail.com,-,"Peti Surat 358, 31100 Sungai Siput (U),
Perak",Sungai Siput (U),,,,
www.xileer.org.my,xileer.org@gmail.com,6016-3372705,"1, JALAN BAKAWALI 22, TAMAN JOHOR JAYA, 81100 JOHOR BAHRU, JOHOR.",JOHOR BAHRU,,,,
www.pkooi.org,rayraj66@yahoo.com,6016-7353234,"NO 2, JALAN BANJARAN 6, KEMPAS BARU,81200 - JOHOR BAHRU","Kempas, Johor Bahru",,,,
www.sopsp.org,francishor@hamisu.me,168331656,"2a-8-8, block mawar, merdeka villa, jalan merdeka permai, ampang",Puchong,,,,
nurisetapak.blogspot.com,nmc_bm13@yahoo.com.my,017-2563844,"No.28 , Jalan Air Kuning 5, Off Jalan Air Panas, Setapak",-,,,,
,pk.sekasih.sejiwa@gmail.com,011-2319 2050,"20-10, Tower 1, Skypod Residence Persiaran Puchong Jaya Selatan Bandar Puchong Jaya",,,,,
http://srieden.org/,srieden@ymail.com,+603-9134 8081,"43 Jalan Tiram, Taman Mutiara Barat, Cheras",Kuala Lumpur,,Facebook Profile,,
www.ngohubasia.com,persatuanwargatua@gmail.com,03 - 62587382,"No. 9, Jalan 9/39,Taman Petaling, Kepong,52100,Kuala Lumpur Malaysia.",Wilayah persekutuan,,,,
www.perkemas.org.my,info@perkemas.org.my,03-55107636,"No. 9A, Jalan Platinum G7/G, Seksyen 7, 40200 Shah Alam",Shah Alam,,,,
www.cpsarawak.com,jonahlau@cpsarawak.com,122688292,Lot 3008 Jalan Tun Ahmad Zaidi Adruce,Kuching,,,,
empowermalaysia.org,empower05@gmail.com,60377844977,"No. 13, Lorong 4/48E,
46050 Petaling Jaya,
Selangor, Malaysia.",Petaling Jaya,,,,
https://www.facebook.com/akademisebastiar.iruthiyam/about?section=overview,pksp7590aks@gmail.com,05 2413959,"No. 34, Jalan Sungai Pari,",IPOH,,,,
,dmff88@gmail.com,168400022,Lot d 01 06 block d first floor warisan square,Kota Kinabalu,,,,
ipspemadam.blogspot.com,pemadamhq@gmail.com,320941190,"PERSATUAN MENCEGAH DADAH MALAYSIA (PEMADAM), NO. 8 Jalan Ledang,",Kuala Lumpur,,,,
Www.facebook.com/thereedproject,thereedproject@outlook.com,169037260,"No 23, Jalan 21/24 Sea Park, 46300 Petaling Jaya, Selangor.",Petaling Jaya,,,,
www.poasm,poasm@yahoo.com,013-3786838,"Kampung Guntur, 72200 Batu Kikir,  Kuala Pilah, N.Sembilan.",Kuala Pilah,,,,
www.tuugo.my/Companies/persatuan-orang-orang-pekak-selangor-dan-wilayah-persekutuan/0190003021284,jjeikala@gmail.com,60322741825,"No. 23 A1 Jln Thamby Abdullah 1,",Wilayah Persekutuan,,,,
www.facebook.com/POPKelantan/,ckin_79@yahoo.com,019-9429003,"Lot 338, Aras 1, Seksyen 12, Jalan Padang Garong, Kota Bharu, Kelantan",Kota Bharu,,,,
https://www.facebook.com/PahangDeafAssociation/,puskompada@gmail.com,011-29464722,"No.C-624, Tingkat 2,  Jalan Lim Hoe Lek, 25200, Kuantan, Pahang",Kuantan,,,,
poptrg.com.my/,popt4u@gmail.com,09-6223430,"No JKR 430 jalan pandan , pantai batu buruk",-,,,,
www.facebook.com/persatuanpembangunanmasyarakat,persatuanpembangunanmasyarakat@gmail.com,197890928,"Lot 1437, Jalan Port Dickson, Mambau,70300 Seremban,Negeri Sembilan",Seremban,,,,
www.ppoc.org.my,ppoc.ridsh@gmail.com,60377810839,"Lot 5364 Taman Kanagapuram, Jalan 18/2246000 Petaling Jaya",Kuala Lumpur,,,,
-,surian_04@yahoo.com,125680735,"10, Lorong Perwira6, Taman Perwira, 14100 Bukit Mertajam, Pulau Pinang","Bukit Mertajam, Penang",,,,
Not Available,chairmanprotem.ra.bktserdang5@gmail.com,6-012-2228333,"NO 2, JALAN BS 5/28B,TAMAN BUKIT SERDANG,43300 SERI KEMBANGAN",Selangor,,,,
www.handicapjb.org.my,yahya@handicapjb.org.my,60177464706,"LOT 5042, JALAN INDAH PERMAI 9TAMAN SALENG INDAH",SENAI,,,,
ppckelantan.wix.com/ppckelantan,pakcu90@yahoo.com,189018282,"Lot 1709 Kg Pasir Parit, 17060 Pasir Mas, Kelantan",Wakaf Baru,,,,
fhdapenang.org,info@fhdapenang.org,604-281 3144,"333, Jalan Perak,Penang.",Penang,,,,
www.esda-ppkt.org,esda.ppkt@gmail.com,05 8071501,"14, Jalan King Edward,
34000 Taiping, Perak
Malaysia",Taiping,,,,
https://www.facebook.com/ibu.arfidah,teratakarfidah@yahoo.com,173631620,"Persatuan Perlindungan Sinar Salam kuala Lumpur
( Teratak Arfidah )
57 A, Jln. Raja Bot, Kampung Baru",KUALA LUMPUR,,,,
,permos@ymail.com,168400022,"No. 19, Tingkat 4, Central Plaza Shopping Mall, Jalan Kepayan Ridge",Kota Kinabalu,,,,
www.ngohub.asia,thiran2186@gmail.com,122360904,"Lot 11113, Batu 4, Jalan Kampung Jawa,41000 Klang.",-,,,,
www.rumahvictory.org.my,info@rumahvictory.org.my,-,"No. 2, Jalan 8, Taman Bukit Kuchai,
Batu 8, Jalan Puchong 47100
Selangor.",Puchong,,,,
amalbilkhair.wix.com/amalbilkhair,amalbilkhair@gmail.com,603-4031 3865,"No. 16, 2A, Jalan Suria Setapak,
Taman Suria Setapak,
Jalan Gombak Batu 4 1/2",Gombak,,,,
www.perfomas.com.my,mnfadhzil@gmail.com,605-312 2027,"No.23 Laluan Kerjasama 1,
Taman Saujana,",Ipoh,,,,
www.mymert.org,garyoh@mymert.org,+60(17)2666-377,"2, Jalan Awan Cempaka 1Taman Overseas Union58200 Kuala Lumpur",Kuala Lumpur,,,,
http://www.sabah.org.my/,sabahcheshirehomekk@gmail.com,6088438202,"Jalan Vokasional, Km 5, Off Jalan Tuaran Likas 88100,Kota Kinabalu",Kota Kinabalu,,,,
www.rita-home.com,persatuanritahome@gmail.com,03-32591266,"Lot 6939 - 12, Batu 10¼, Jalan Kapar, 42200 Kapar, Selangor",Selangor,,,,
persatuansahabatwanita.org,sahabatwanita@gmail.com,03-8737 8380,"71 Jalan Maju 7, Taman Maju 2, 43000 Kajang",Kajang,,,,
http://karunaihome.org/,anbuillam1982@gmail.com,123899573,"Rumah Kebajikan Karunai Illam1024 Jalan E4/7,Taman Ehsan, Kepong",Kuala Lumpur,,,,
https://www.facebook.com/pages/PERSATUAN-SENI-SILAT-GAYONG-MAARIFAT-MALAYSIA-KEBANGSAAN-ANTARABANGSA/290752698060,kradzcalypse@icloud.com,60341627024,"5-2, Jalan Melati Utama 4, Taman Melati Utama,  Setapak, Kuala Lumpur, Malaysia.",Setapak,,,,
www.emily2u.com/malaysia-indo-invitational-karate-championship-2011/,sr.selvarajan@yahoo.com,124639994,ipoh perak,ipoh,,,,
http://www.lupusmalaysia.org/,pslemhq@gmail.com,03-79577672,"Persatuan SLE Malaysia (Central) Information & Counselling Centre 3rd Floor, Bangunan Sultan Salahuddin Abdul Aziz Shah 16, Jalan Utara, 46200 Petaling Jaya, Selangor, Malaysia.",Petaling Jaya,,,,
none,balakrishnan21051947@gmail.com,012-6257321,"No. 13/50, Jalan 2, Gedong Lalang,Ampangan,70400 Seremban,NSDK",Seremban,,,,
,thalaselangor@yahoo.com,193611915,no 20 jln 17c kg idaman 42000 port klang selangor,Klang,,,,
www.ssms.8m.net.,ssm_sitiawan@yahoo.com,175512125,"NO.75, JALAN DATUK AHMAD YUNUS,32000 SITIAWAN. PERAK",Sitiawan,,,,
www.pupmb.blogsport.com.my,pupmb96@gmail.com,1110952709,"NO,64 JALAN CENDERAI 2 LUCKY GARDEN BANGSAR",Kuala Lumpur,,,,
,pewahim@gmail.com,192595864,"No 601,Jalan 1B/5, Bandar Baru Sg. Buloh,47600 Sg. Buloh Selangor",-,,,,
shiellarahim.com.my,pwitus@gmail.com,017-3101093,"No 18,Gerai MPS,Taman Sri Selayang,68100, Batu Caves,Selangor.",Batu Caves,,,,
-nil-,r_ponnie@hotmail.com,173815921,"NO. 119,  JALAN SU/2,TAMAN SRI UTAMA CHEMBONG",Rembau,,,,
,wargaemas381@gmail.com,123518471,"A86 Kampung Melayu Sri Kundang,",Rawang,,,,
www.facebook.com/MFDDeaf,infomfd@gmail.com,03 8070 9308,"3A-12, MENARA KLH BANDAR PUCHONG JAYA47100 PUCHONGSELANGOR",Puchong,,,,
alumnithomian94.blogspot.my/,alumnithomian94@gmail.com,60149995113,"QC 206, 1st Floor, Batu kawa Nwe Township, Jalan Batu Kawa , Kuching",Kuching,,,,
www.pabog.org,pabogorg@gmail.com,60102426514,"11-2 13th floor,BlockC,Menara Uncang Emas C, Plaza UE3, Jalan Loke Yew",Kuala Lumpur,,Facebook Profile,,
www.recyclecharity.org,info@recyclecharity.org,603-90211888,"Lot 754, Jalan Sungai Tekali, Batu 14",Hulu Langat,,,,
dr.saifullahminggu@gmail.com,dr.saifullahminggu@gmail.com,60138379393,Peti Surat 253,Kota Kinabalu,,,,
www.agaras.my,info@agaras.my,138589888,"2nd floor, Lot 48, Jalan Donggongon Square, Penampang,Sabah",-,,,,
https://www.facebook.com/Asrama-Darussalam-240346946046824/timeline/,nengrazali@yahoo.com,+6012 6942558,70 Jalan Haji Mohd NoordinSungai Rapat Kampung Melayu31350 Ipoh Perak.,Ipoh,,,,
http://baitul-mahabbah.blogspot.my/,baitulmahabbah@yahoo.com,012-9011948,"28, Jalan RK 4/7, 70300 Seremban, Negeri Sembilan","Seremban, Negeri Sembilan Darul Khusus",,,,
www.facebook.com/beliaikon,beliaikon@gmail.com,60145615619,"BATU 5, JALAN SIBUGA, 90000 SANDAKAN",Sabah,,,,
harummalaysia.blogspot.com,harum.2012@gmail.com,603 51037551,"No.17A, Jalan Bukit Ceding, 28/4 Taman Alam Megah,",Shah Alam,,,,
www.pipks.org.my,info@pipks.org.my,+6016-6780825,"NO.4 , JALAN UTAMA 5 , TAMAN JAYA UTAMA ,42500 TELOK PANGLIMA GARANG",SELANGOR,,,,
www.facebook.com/islahmovementmelaka/,hananirahayu@gmail.com,126647982,"No 46, Jalan BS 4, Taman Bertam Setia, 76450, Melaka",Melaka,,,,
facebook//:Pertubuhan Ksny,stgresources1@gmail.com,60192177490,"B-16-8, Tamarind Condo, No. 2, Jalan Sentul Indah",Sentul,,,,
www.charis-charity.com,charis_home@yahoo.com,60103662952,"16, Taman KS, 71700 Mantin, Negeri Sembilan","New address: Old Folks Home: 16, Taman KS, 71700 Mantin, Negeri Sembilan. Orphanage: 45, Jalan Bukit Belian 5, Taman Bukit Belian, 71700 Mantin, Negeri Sembilan.",,YouTube Channel,,
www.baitalamin.com,bait_alamin@yahoo.com,05-377 3717,"Lot.8627 , Jalan Hj. Wahab Kampung Tengah, 32800 Parit, Perak",Perak,,,,
,pkayi_kluang@yahoo.com,07 7725841,"no 90, jlan besar kluang johor",Kluang,,,,
kaayu.wordpress.com,redsala28@gmail.com,192327427,"No 13, Jalan 7 Tamam Sg Jelok, 43000 Kajang, Selangor Darul Ehsan",Kajang,,,,
https://m.facebook.com/pertubuhankebajikananakyatimdanasnafkelantan/,nurshamiera9@gmail.com,199132456,lot 1104 jalan long yunus,Kota Bharu,,,,
-,raviroyan42@yahoo.com,06-2843236,"451, Jalan Tengkera,",Melaka,,,,
https://www.facebook.com/PertubuhanKebajikanDanPembelajaranMalaysia/timeline,perkebpem@yahoo.com,011-16287287,"164-11M, Block A, Flat Seri Kelantan, Sentul, 51000, Kuala Lumpur",Sentul,,,,
,cahayabistari@gmail.com,03-6127 3313,"No7, Jalan 2, Lorong 8CSelayang Baru 68100 Batu CavesSelangor",Batu Caves,,,,
www.facebook.com/pertubuhanoku,rokiah9996@gmail.com,177464706,"No. 1, Jalan Keembong 45, Taman Johor Jaya,  Johor Bahru, Johor,",Johor Bahru,,,,
http://www.indah.com.my,info@indah.com.my,164016106,"42 laluan pengkalan sentosa 9
halaman pengkalan sentosa",ipoh,,,,
www.facebook.com/thegagaks,thegagaks.main@gmail.com,010-3352129,"B8-1-3, Jalan Teknologi 2/1A, Signature Park, Kota Damansara",Kuala Lumpur,,,,
http://pikosabah.wixsite.com/pikos,pikosabah@yahoo.com,138560512,"Lot 4, Tingkat 1, Block H, Pekan Menggatal, 88450 Kota Kinabalu, Sabah",Kota Kinabalu,,Facebook Profile,YouTube Channel,Instagram
http://www.newlifepd.org/home.html,contact@newlifepd.org,06-6472 344,PT2951 BT2 Jalan Pantai Port Dickson.71000.Negeri Sembilan. Malaysia,Port Dickson,,,,
,dprevena@yahoo.com,146315108,"No 370 Jalan Ayer Tasek, Air Panas, Setapak",Kuala Lumpur,,,,
http://pertubuhankmrs.blogspot.com/,pertub.keb.mesrawang@gmail.com,166951272,"2-2A, Jalan Desa 9/5, Bandar Country Homes, Rawang",Rawang,,,,
www.facebook.com/pages/Ninja-Society-Malaysia/599714786794164,ninjasociety13@gmail.com,193207924,"NO. 19, JLN DAMAI PUSPA 10,ALAM DAMAI56100 CHERAS, K.L.",KUALA LUMPUR,,,,
www.projekihsan.org,infoprojekihsan@gmail.com,,"3A-12-03, Puri Aiyu CondominiumJalan Jubli Perak 22/1, Seksyen 2240400 Shah Alam, Selangor Darul Ehsan",Shah Alam,,,,
,pusatjagaanelshaddai31@gmail.com,016-2801473,"No 39,Jalan Laksamana 1,Taman Laksamana,",Kuala Selangor,,,,
raphaktn@yahoo.com,raphaktn@yahoo.com,013-9011788,"1, Lorong Air Putih 68, 25300, Kuantan, Pahang",Kuantan,,,,
raudhatul-ikhwan.blogspot.my,draudhatulikhwan@gmail.com,-,"no 11,jalan subang permai 12,desa subang permai, 40100 Shah Alam, Malaysia",Selangor,,,,
perbak Malaysia.co.id,perbakmalaysia@gmail.com,108081599,"Putrajaya Lake Club,Precinct 8 62250 Putrajaya",Putrajaya,,,,
www.facebook.com/TeamTumpangGembira,tumpang.gembira@yahoo.com.my,125696559,"No.2, Lorong Sungai Mulia 4ABatu 5, Jalan Gombak",Kuala Lumpur,,Facebook Profile,,
,asramaanakyatimsb@yahoo.com,03-32242849,"PT 5204, Jalan Parit 1 Timur, 45300 Sungai Besar",Sabak Bernam,,,,
-,rd8842@yahoo.com,06-6852210,"Lot 939, Pekan Rembau,
Jln Dato' Sedia Raja,
71300 Rembau
Negeri Sembilan",Rembau,,,,
https://www.facebook.com/komplotmuda/,warisankota.adam@gmail.com,125242614,NO 1 JALAN TKC 2/6 TAMAN KOTA CHERAS,CHERAS,,,,
pusatyakin.blogspot.com,victosun@gmail.com,(012) 4062 659,"No. D-1-4, Taman Seri Setia, Lembah Permai",Tanjung Bungah,,,,
www.facebook.com/Baitul-Husna-Kuantan-140545329304905/,baitulhusnabukitsekilau@gmail.com,019-9507423,"Lot 132, Kampung Pelindung Beserah26100 KuantanPahang",-,,,,
facebook.com/komuniti.harap,komuniti.harap@gmail.com,,"B-5, Lorong Seri Kuantan 25,25250 KuantanPahang",Kuantan,,,,
kill.anvwes.com,faddilnawawi@gmail.com,6049662240,"No 11, Tingkat Atas, Jalan Pandak Mayah 6,",Langkawi,,,,
www.lambaiankasih.com,lambaikasih@yahoo.com,011-11290310,Kuala Lumpur,Kuala Lumpur,,,,
sinarloronggelap.blogspot.com/,vlinders@rocketmail.com,163411273,NO.27 Jalan Pandan 7,Taman Pandan Jaya,,,,
http://talentdevelopment.org.my,studenttalentdevelopingsociety@gmail.com,195277941,"No 44, Jalan Tiram I, Taman Tiram, 09600, Lunas, Kedah.",-,,,,
www.ngohubasia.com,betelcsm@gmail.com,166848125,"B-101, 1st Floor,PJU 10/2A Damansara  Damai, 47830 Petaling Jaya",SELANGOR,,,,
www.ecoselangor.blogspot.com,annadurai_muthusamy@yahoo.com,-,"25G Jalan Semenyih Sentral 6,Semenyih Sentral
43500 Semenyih,Selangor.","Semenyih, Selangor",,,,
http://seedfoundation.com.my/,seed@seedfoundation.com.my,+603 2697 0655,"69 Jalan Tiong Nam, Chow Kit",Kuala Lumpur,,Facebook Profile,,
https://www.facebook.com/PertubuhanPembangunanWanitaTamaraiPulauPinang/,pakya83@yahoo.com,124465947,"D5-537D,Lorong Tuna,Seberang Jaya,13600 Perai",Pulau Pinang,,Facebook Profile,,
www.gema.org.my,gema.pusat@gmail.com,183538938,"313B, LORONG KEDAH,MELAWATI SQUARE,PUSAT BANDAR MELAWATI",Kuala Lumpur,,,,
www.waterfallsofmalaysia.com,effendi.ppats@gmail.comf,322016281,"161 Jalan Limau Purut, 
Bukit Bandaraya,",Kuala Lumpor,,,,
www.facebook.com/pertubuhanpendidikankanakkanakistimewaharmoni,pkiharmoni@gmail.com,03-89347898,"204, Jalan Sekolah , Batu 11",Cheras,,,,
facebook.com/KatzenCatSanctuary,sanctuary@katzen.org.my,60361517040,"11 Jalan Setia Bakti 7
Damansara Heights,",Kuala Lumpur,,,,
www.uwccf.org,uwcc.federation@gmail.com,189649894,"A-3-1,LEVEL5,BLOCKA,MENARA UNCANG EMAS 3(UE3),NO.85, JALAN LOKE YEW.",Kuala lumpur,,,,
www.ppia.org.my,ppiabatupahat@gmail.com,+607-4352145,"No. 29-35, Susur Perdana UtamaTaman Bukit Perdana83000 Batu PahatJohor","Batu Pahat, Johor",,,,
destinywelfarecentre,irenejben@gmail.com,172069502,"No 10, Lorong SambauTaman Chi Liung41200 KlangSelangor",Klang,,,,
www.ncpna.com.my,alex.chandran@live.com.my,169987028,"No.50,1st Floor,Kompleks Penchala,Petaling Jaya, Selangor Darul Ehsan","Petaling Jaya, Selangor",,,,
http://www.facebook.com/rumahchrestus,rumahchrestus@gmail.com,390761849,"No.2, Jalan Koop Cuepacs 5,
Taman Cuepacs",Cheras,,,,
www.sasmsia.org,man.sasmalaysia@gmail.com,603-3359 7737,No 14 A jalan Keluli AK7/AK pusat Perniagaan Bukit Raja Seksyen 7,Shah Alam,,,,
,sukarelawan.templer@gmail.com,183686349,"200, Jalan Jasa 18, Taman Jasa, 68100 Batu Caves, Selangor","Batu Caves, Selangor",,,,
www. midto. com,mymidto@gmail.com,123636854,"2, Jln PNJ 2/1, Tmn Pinggiran Netas Jaya,",Mentakab,,,,
Pernita,harnanie@yahoo.com,122712095,"No 61 JLN SAWI 24/18, SEKSYEN 24 40000 SHAH ALAM SELANGOR",Selangor,,,,
www.wakekl.org,wake@wakekl.org,129182152,"No:22-5-1,Block F Jalan Semarak Api 3Off Jalan Gombak",Kuala Lumpur,,,,
,pesakapontian@yahoo.com,76862079,"lot 5237 Pusat Gimnasium Rakyat Taman Anggerik,Jalan Parit Mesjid,",Pontian,,,,
www.mypintar.com.my,mas@mypintar.com.my,03-22680007,"A-16-8, Menara UOA Bangsar
No. 5, Jalan Bangsar Utama 1",Bangsar,,,,
www.facebook.com/Playcentrelibrary,playcentrelibrary@gmail.com,377817813,"No. 18 Jalan 6/6 46000, Petaling Jaya, Malaysia",Petaling Jaya,,,,
https://www.plcwo.org,plcwelfareorg@gmail.com,162134037,"10, Jalan Besar, Batu Arang, 48100 Batu Arang, Rawang, Selangor",Batu Arang,,Facebook Profile,YouTube Channel,
www.powershiftmalaysia.org.my,adrian@powershiftmalaysia.org.my,123585453,"30 Jln SB Indah 2/10
Tmn Sg Besi Indah",Seri Kembangan,,,,
www.autism.org.my,footiangkim@gmail.com,603-7770 2080,"No. 23&25, Jalan SM 12 (PJS 3/47), 
Taman Sri Manja, BATU 6 3/4, 
Off Jalan Kelang Lama,",Petaling Jaya,,,,
www.paghruli.blogspot.com,mutharasan33@gmail.com,605 849 3672,"14. LORONG MULIA 1,
Taman Simpang Mulia,",Simpang,,,,
http://www.praise-emmanuel.com/,pech@praise-emmanuel.com,03 772 0610,"No7, Jalan 6/6,",Petaling Jaya,,,,
www.pride.org.my,herrie@pride.org.my,03-79600366,"No.23,Lorong Tanjung 5/4D,Off Jalan Gasing46000, Petaling Jaya",Petaling Jaya,,,,
pamim.org,uma.prevail@gmail.com,122113217,"Prevail Productions758 B, 1st Floor, 4 1/2 Jalan Ipoh",Kuala Lumpur,,,,
www.venkatesrao.com,evenkatesrao@gmail.com,199000197,"No 18, Jalan BK 5/10DBandar Kinrara, 47100 Puchong, Selangor",puchong,,,,
https://www.facebook.com/ProjectLiber8/info?tab=page_info,purplecow.org@gmail.com,60166267010,NO,Selangor,,,,
www.projekiqra.com,info@projekiqra.com,348007961,"NO 10A, Persiaran Cahaya 2
Taman Cahaya Indah",Ampang,,,,
www.psthechildren.org.my,vijay@psthechildren.org.my,03-7957 4344,"No. 5, Jalan 7/14, Section 7, Petaling Jaya, Section 7, Selangor, Malaysia",Petaling Jaya,,,,
ptfmalaysia.org,ptf@ptfmalaysia.org,03-40444611,"7C-1, Jalan Ipoh Kecil, 
Off Jalan Raja Laut 
50350 Kuala Lumpur",Kuala Lumpur,,,,
www.lembahbujang.com,nady@riversidetravel.com.my,1123238645,"10-2, Jalan PJU 5/20D, The Strand Kota Damansara",Petaling Jaya,,,,
purplelily.org/,suraya.bujang@purplelily.org,019-8741251,"P7-1-1(A) Chonglin Park, Jln Tabuan,93100 Kuching,Sarawak",Kuching,,,,
https://www.facebook.com/pages/Pusat-Aktiviti-Dakwah-Ummah-Berhad/,mimraas@yahoo.com,1110662393,"Wisma Pondok,
Jalan Pasir Putih,",Kota Bharu,,,,
,pbantuansentul@hotmail.com,340410610,"No 17,  Jalan 3/128A Taman Bukit Aman 58200",-,,,,
www.anbesivam.org,anbesivamcharityhome@gmail.com,016-2857531,"No 2, Jalan Sri Siantan 35,  Taman Sri Andalas, Klang,	Selangor",Klang,,,,
http://www.hati.my/support-groups/pusat-jagaan-asnaf-barakh-rumah-amal-asnaf-barakh/,kebajikanasnaf@gmail.com,03-41429577,"57-2, Jln Wangsa Delima 5, Pusat Bdr Wangsa Maju (KLSC)",Wangsa Maju,,,,
facebook.com/harapanbaruwargaemas,harapanbaruwargaemas@outlook.com,60162985536,"28 Klebang Prima 4,Medan Klebang Prima,",Ipoh,,,,
https://www.facebook.com/pages/Pusat-Jagaan-Kanak-Kanak-Down-Syndrome-Dan-Hyper-Active/151433468351347,judejasvin@yahoo.com,016-699 1783,"NO.43,Lorong Batu Nilam,17K Jalan Batu Nilam, Bandar Bukit Tinggi 2, 41200, Klang, Selangor Darul Ehsan, Malaysia.",Klang,,,,
www.kirtarshhome.org,kirtarsh@yahoo.com,122391071,"NO 27 JALAN MELOR 1B48300 BUKIT BERUNTUNGRAWANG,SELANGORMALAYSIA",Rawang,,,,
,yayasanseribuharapan@gmail.com,010-2457693,NO 1 & 3 Lorong Jalan 8c,Shah Alam,,,,
www.jirehshome.org,jirehshome@yahoo.com,04-4907912,"55. Lorong Meranti 2/4,
Taman Meranti 09000,
Kulim Kedah.",Kulim,,,,
,shixinping7@gmail.com,012-4604022,1110 jalan bagan lalang 13400 Butterworth,Butterworth,,,,
,pjrbigk@gmail.com,013-9238313,"Kg. Gong Kulim Hilir, 16800 Pasir Puteh, Kelantan.",Pasir Puteh,,,,
www.facebook.com/pages/Grace-Manna-House/120428701346124,gmhlabis@yahoo.com,07-9251552,"5, Jalan Sentosa,Taman Sentosa,",Labis,,,,
http://www.siddharthancarecentre.org/,sid_dharthan@yahoo.com,-,"No: 32, Jalan SS3/46, Taman University, 47300 Petaling Jaya, Selangor",-,,,,
www.pkktuankubainun.com,pkk.main.office@gmail.com,377338559,48 Jalan Tun Mohd FuadTaman Tun Dr Ismail60000 Kuala LumpurMalaysia,Kuala Lumpur,,,,
,tamanharapan00@gmail.com,09-2972303,"Taman Harapan, Batu 2 , Jalan Maran 28000, Temerloh, Pahang",Temerloh,,,,
www.ppkkctm.org.my,ppkkctm_4@yahoo.com,378061143,"2, Jalan SS 24/10, Taman Megah, 47301 Petaling Jaya, Selangor",Petaling Jaya,,,,
www.facebook.com/ReachOutMalaysia,petenic20@yahoo.com,322828878,"19 U8/71, Jalan Birai, Bukit Jelutong",Shah Alam,,,,
www.redcrescent.org.my/selangor,selangorrc@gmail.com,03-222849221,"JKR 2564 (17), JALAN SELANGOR,BUKIT PERSEKUTUAN , 50480 KUALA LUMPUR",Kuala Lumpur,,,,
www.reefcheck.org.my,alvin@reefcheck.org.my,192152161,Kampong TekekPulau TiomanKuala RompinPahang,Rompin,,,,
www.redeems.my,redeemscentre@gmail.com,+6082-461757,"1st Floor, CG 204, Batu Kawa, New Township, Jalan Batu Kawa, 93250","Kuching, Sarawak,",,,,
www.rootsandshoots.my,jyunichi@rootsandshoots.my,603 20110359,"No. 1 Lorong Kekabu, 
Damansara Heights,",Damansara,,,,
selangorcheshire.org,selangorcheshire@gmail.com,012-2786219,"Bt 7 1/2, Jalan Ipoh, Selayang68100 Batu CavesSelangor",Selangor,,,,
www.rumahcharis.org.my,jfkoh88@gmail.com,03-77815977,"77 Taman Lucky, 6th mile Jalan Puchong, 58200, Kuala Lumpur",Puchong,,,,
www.ssvp.org.my,rkki09@gmail.com,03-78043451,"No. 2 Jalan SS25/21, Taman Mayang, 47301 Petaling Jaya, Selangor.",Petaling Jaya,,,,
no web site,trinityhome_pj@yahoo.co.uk,-,"No. 5, Jalan Bukit Menteri Utara 7/4, Seksyen 7,
46050 Petaling Jaya, Selangor",Petaling Jaya,,,,
rumahkasiharmoni.blogspot.com/,jamalwahab79@yahoo.com,012-3942783,"1, Jalan AU 2a/13, Taman Keramat, 54200 Kuala Lumpur",KL,,,,
rumahkasihsayang.com,rumahks@yahoo.com,174437639,"No. 29, Jalan 8/8, Bandar Tasik Puteri, 48020, Rawang",Rawang,,,,
www.rumahozanam.org,mfxavier@yahoo.com,03-77819013,"Rumah ozanam15, lorong 4/48e jalan padang 46050  Petaling JayaSelangor",Petaling Jaya,,,,
www.ssvp.org.my,rokbest.ssvp@gmail.com,-,"No.20 Jalan Melawis, 41100 KLANG, Malaysia",Klang,,,,
rumahpengajianxavier.blogspot.com/,rpx_pj@hotmail.com,03 79311577,"No. 6 Lorong 9/5D, Petaling Jaya.46000, Selangor",Petaling Jaya,,,,
www.rumahsafiyyah.weebly.com,rumahsafiyyah@yahoo.com,196490369,rumahsafiyyah@yahoo.com,Kuala Lumpur,,,,
http://rumahsayangan.org/,susanfklooi@gmail.com,03-91314339,"12-16 Jalan Siput 3,Taman Billion,Cheras 56000 Kuala Lumpur",Kuala Lumpur,,,,
www.ssvpsel.org,vkrobert4@gmail.com,03-33732606,No. 30 Jalan Melawis41100 Klang,Klang,,,,
http://rumahtitiankasih.blogspot.my/,rumahtitiankaseh.sharifah@gmail.com,019-6455769,No.15 Jalan Persiaran TitiwangsaTaman Tasik Titiwangsa,Kuala Lumpur,,,,
www.sabahwetlands.org,swcs@sabahwetlands.org,60198704911,Off Jalan Bukit Bendera Upper 88400 Likas,"Kota Kinabalu, Sabah",,,,
www.mentallyhandicapped-samh.org,wisma_harapan@yahoo.com,03-22741457,"Wisma Harapan
522 Jalan Sultan Abdul Samad
Brickfields",Kuala Lumpur,,,,
www.sccs.org.my,afreeda@sccs.org.my,013-833 8667,"Lot 5493, Lorong 15, Taman Desa Wira, Jalan Batu Kawa 93250, Kuching",Kuching,,,,
www.saicouncil.org.my,mahendran.arumugam@gmail.com,03-7772 5660,"No 12 Lorong 1A / 71G
Jalan Carey",Petaling Jaya,,,,
www.sosm.my,info@sosm.my,017-6320602,"A-3-2,Desa Saujana Apartment Jln Sg Besi Indah Seksyen 3",Seri Kembangan,,,,
www.sosmalaysia.org/home.html,saveourseahorses@yahoo.com,60163228462,"No. 2, Jalan 6/24Seksyen 6,46000 Petaling Jaya,Selangor",Petaling Jaya,,,,
www.servebetter.com.my,sbc@servebetter.com.my,03-80246050,"No.42(2nd Floor),Jalan USJ 9/5Q, 47620 Subang Jaya, Selangor, Malaysia","Subang Jaya, Selangor",,,,
www.hati.org.my,srishanthi27@gmail.com,67678600,"PT 5326, Jalan Dato'Abdullah,Seremban,
Negeri-Sembilan",Seremban,,,,
www.shelterhome.org,office@shelterhome.org,03-79550663,"P.O Box 23, Jalan Sultan",Petaling Jaya,,,,
-,shiloh_childrencharity@yahoo.com,019-6528858,NO 525-A(1st Floor)JLN HARUAN 4/6OAKLAND COMMERCIAL CENTRE7,Seremban,,,,
www.silverjubileehome.org,sjubilee1935@gmail.com,04-6447942,SILVER JUBILEE HOME FOR THE AGEDJALAN SUNGAI DUA11700 PULAU PINANG,Pulau Pinang,,,,
www.mysisterhood.org,mysisterhood.org@gmail.com,123999471,"D-18-06, Empire DamansaraJalan PJU 8/8A,Damansara Perdana",Kuala Lumpur,,,,
www.smallchangesmy.org,management@smallchangesmy.org,019-7900742,"A4-2-7 SOLARIS DUTAMAS PUBLIKA NO. 1, JALAN DUTAMAS 1, 50480 KL",KUALA LUMPUR,,Facebook Profile,,
http://www.perkobp.org/,chchng10@gmail.com,016-2928438,"No: 4, Jalan BK1/9A, Bandar Kinrara 1, 47180, Puchong",-,,,,
www.spca.org.my,enquiries@spca.org.my,03-42565312,"SPCA Selangor, Jalan Kerja Ayer Lama, 68000 Ampang Jaya, Selangor.",Ampang Jaya,,,,
ilselangor.org,admin@ilselangor.org,+603 � 7875 0943,"No.96, Jalan 21/1, SEA Park",Petaling Jaya,,,,
https://sites.google.com/site/svp2020pj/,phar2020@gmail.com,"03-77825854, 77844470","Society of St. Vincent De Paul
(Conference of Assumption PJ)

c/o Assumption Church Petaling Jaya
No. 70, Jalan Templer, 
46050, Petaling Jaya, Selangor D.E.
Malaysia",Petaling Jaya,,,,
https://www.facebook.com/pages/Rumah-Ozanam-Klang-Home-for-Girls/140897342624539,dmmfrok35@hotmail.com,012-7215195,"No. 22, Jalan Melawis, 41100 Klang",Klang,,,,
www.sols247.org/my/,HR@sols247.org,+6018 222 2247,"1 Petaling Commerz and Residental Condos , #1-9, jalan 1C/149, Off Jalan Sungai Besi , Kuala lumpur, 57100, Kuala Lumpur, Malaysia,",-,,,,
www.sols247.org/my/shield,shield@sols247.org,6018 977 7247,"Jalan 1C/149,Off Jalan Sungai Besi",Sungai Besi,,,,
www.solstech.org,solstech@sols247.org,390549247,"1 Petaling Condos
1-9 Of Jalan Sungai Besi 57100 Kuala Lumpur",Kuala Lumpur,,,,
nil,soraya.gilmour@gmail.com,60127088403,"03-16 kondo petrie, 12A Jln Tengku Petrie80200 Johor Bahru - Johor",Johor Bahru,,,,
http://soroptimistbangsar.org/,r_shamla@yahoo.com,6012-3060508,contact us here sicbangsar@gmail.com and peng88.sal@gmail.com,Bangsar,,,,
www.seaca.org,s.steven@seaca.org,60108005154,"92 Kijang 2 Street off Scientex, Johor Bahru",Johor Bahru,,,,
www.facebook.com/spati.malaysia?fref=ts,hcltmp6674@yahoo.com,6056217208,"126, LORONG CIKU 10, TAMAN IMPIAN 2, JALAN CHANGKAT JONG, 36000 TELUK INTAN, PERAK, MALAYSIA.",TELUK INTAN,,,,
spices.org.my,info@spices.org.my,03-41498032,"B-0-6,Vista Wira 2,Jalan 4/27A,Wangsa Maju Section 2",Kuala Lumpur,,,,
www.facebook.com/groups/srmbmalaysia,srmbrayar@gmail.com,60351661687,"2, Jalan Dato Yusof Shahbudin 15, Taman Sentosa",Klang,,,,
www.snh.org.my,ed@snh.org.my,012-4285911,"4, JALAN BAGAN JERMAL 10250 PENANG, GEORGETOWN, PENANG",Georgetown,,,,
www.stophungernow.org.my,tkeh@stophungernow.org.my,60364190996,"D1 - U1 - 13A Solaris Dutamas
Jalan Dutamas 1,",Kuala Lumpur,,,,
www.streetfeeders.com,streetfeedersofkl@gmail.com,176707094,"10, Level 2, Jalan SS7/16, 47301 Kelana Jaya, Selangor.",Kuala Lumpur,,,,
www.facebook.com/sawrescue/,enquiries@sawrescue.org,139377651,LOT18343 JALAN SUNGAI LALANG BATU 23,SEMENYIH,,,,
www.sugamkarnatica.org,sugamsamskhaaraa@gmail.com,172799760,"No50, jalan 16/6,section 16,46350, Petaling Jaya",Petaling Jaya,,,,
sukasociety.org,sarahteo@sukasociety.org,+603-78774227,P.O.Box 013 Jalan Sultan,Petaling Jaya,,,,
-,scwskk_2007@yahoo.com,44931033,"NO23, LORONG SEKOLAH CONVENTBUKIT AWI,09000 KULIM,KEDAH",KULIM,,,,
www.techsoup.asia,natrah@techsoup.asia,013-3891617,hidanatrahaziz@gmail.com,Kuala Lumpur,,,,
www.pengasih.net,tkmelaka@pengasih.net,196667605,JKR 1820JALAN MELAKA77000 JASINMELAKA,-,,,,
theactorsstudio.com.my,gan@theactorsstudio.com.my,03-4047 9018,"The Kuala Lumpur Performing Arts Centre
Sentul Park
Jalan Strachan (off Jalan Sultan Azlan Shah � formerly known as Jalan Ipoh)
51100 Kuala Lumpur",Kuala Lumpur,,,,
buddiesipoh.blogspot.com,afizahbh@gmail.com,60195590021,"106, Jalan Carlos, Ipoh Garden,31400 Ipoh.",Ipoh,,,,
fugeeschool.com/,contact@fugeeschool.com,60192043515,12-2b Menara Bangsar297 Jalan Maarof,Kuala Lumpur,,,,
,gogogreen12@ymail.com,012894 6537,"N0. 165, Lorong Desa Ilmu 22B1,Desa Ilmu,94300 Kota Samarahan",Kota Samarahan,,,,
www.jlsm.org,jlsm.enquiries@gmail.com,603-62597180 / 8180,"Lot 568-8-14, 8th Floor, Kompleks Mutiara
3.5 Miles, Jalan Ipoh, 51200 Kuala Lumpur.
Office Hours
Mon - Thu 2pm - 9pm
Sat - Sun   9am - 7pm
Friday & Public Holidays Closed",Kuala Lumpur,,,,
www.kalsom-movement.org,contact.us@kalsom-movement.org,146378526,"No 64, Jalan Batas Dua 19/6B, Seksyen 19, 40300 Shah Alam, Selangor",Shah Alam,,Facebook Profile,Instagram,
www.thelostfoodproject.org,tlfpvolunteers@gmail.com,012-2010183,"35-5-7 Sri Penaga Condominium, Jalan Medang Serai, Bangsar",Kuala Lumpur,,Facebook Profile,,
www.marecet.org,partner.marecet@gmail.com,601115776802,"3-1-1 AntillaLagoon Villas Jln. Anggerik Malaxis 31/171,Kota Kemuning,",Shah Alam,,,,
www.thenasilemakproject.com,thenasilemakproject@gmail.com,134667833,"22, Jalan SM 9A, Taman Sunway Batu Caves, 68100 Batu Caves, Selangor",Kuala Lumpur,,,,
www.tpfmalaysia.com,darshinism@tpfmalaysia.com,60173673490,"NO16383, JALAN CAMAR 17, BANDAR PUTRA KULAI, 81100, KULAIJAYA, JOHOR",Kulai Jaya,,,,
my.salvationarmy.org,public_relations_kl@smm.salvationarmy.org,-,"THE SALVATION ARMY
P.O Box 322
Jalan Sultan
46740 Petaling Jaya
Selangor",Kuala Lumpur,,,,
www.facebook.com/thestealthorganisation,thestealthorganisation@yahoo.com,60173935487,The Stealth Organisation Prime Centre,Selangor,,Facebook Profile,YouTube Channel,Instagram
,samcheong@gmail.com,012 2016657,"19E, Jalan Lapangan Terbang Lama",Kuala Lumpur,,,,
tonibungrenewables.blogspot.com,lasimbang@gmail.com,60138737676,"1st Floor, Block M, Lot 5Donggongon Township89500 Penampang, Sabah","Penampang, Sabah",,,,
transparency.org.my,bavani@transparency.org.my,03 79606630,"23, Jalan Pantai 9/7,",Petaling Jaya,,,,
www.tccpj.com.my,tcchome@gmail.com,377813905,"No. 12 Lorong 4/49A
46050 Petaling Jaya
Malaysia",Petaling Jaya,,,,
www.turtleconservationsociety.org.my,pelf@turtleconservationsociety.org.my,012-6968238,"6513, RAKR Kg. Fikri,Chukai,",Kemaman,,,,
ubuntumalaysia.com,yongyee@ubuntumalaysia.com,012-5560331,"188, Jalan Sekata, United Garden, 58200 KL.",Kuala Lumpur,,,,
www.usmo.com.my,su@usmo.com.my,60174652115,"NO 2230 1st Floor, Jalan Serdang 1Pusat Perniagaan Serdang 13200",Kepala Batas,,,,
www.unitedvoice.com.my,unitedvoiceinfo@gmail.com,03-79540701,"603, Jalan 17/12, Seksyen 17, 46400, Petaling Jaya, Selangor",Selangor,,Facebook Profile,YouTube Channel,
www.villapaulos.org,admin@villapaulos.org,167447804,"16A, Jalan Mariamah,80100 Johor Bahru",Johor Bahru,,,,
voc.org.my,joti@voc.org.my,03 7960.4776,"29C Jalan 52/1
Petaling Jaya 46200
Selangor",Kuala Lumpur,,,,
https://www.facebook.com/groups/VolunteersUnite3/,VolunteersUnite3@gmail.com,60122161893,"No,939,Lot 239,Jalan Kampung Jawa 41000 Klang ,Selangor Darul Ehsan",Klang,,Facebook Profile,,
ParentingConsortium.com,ammar@ipc2u.my,+60.3.269.01369,"348 Jalan Tun Razzak 41/f, 50400 Kuala Lumpur, MYS",Kuala Lumpur,,,,
www.wingsmelaka.org.my,contact@wingsmelaka.org.my,06-2862926,440-C Jln Tengkera75200 Melaka,Melaka,,,,
womenwigta.wixsite.com/wigta,women.wigta@gmail.com,169059095,15 JALAN IG 2/1 TAMAN INDAH GEMILANG PINGGIRAN SRI GOMBAK,BATU CAVES,,,,
www.womenofwill.org.my,ssabarat@hotmail.com,60166586494,"Suite 3-11, Level 3, Wisma BU 8, No. 11, Lebuh Bandar Utama, Bandar Utama PJU 6",Petaling Jaya,,,,
www.wao.org.my,sumitra.wao@gmail.com,603-7785 6121,"P.O. Box 493, Jalan Sultan,",Petaling Jaya,,,,
www.wccpenang.org,adelyn@wccpenang.org,604-2280342,"241, Jalan Burmah,10350Penang",Pulau Pinang,,,,
www.way.org.my/,sponsorship@way.org.my,62321871,"World Youth Complex, Jalan Lebuh Raya, 75450 Melaka, Malaysia",Melaka,,,,
wyf.org.my,wyfhq@wyf.org.my,6062320911,"World Youth Foundation 
P.O.Box 584",Melaka,,,,
www.yakinmalaysia.com,malaysia_yakin@yakinmalaysia.com,03-92850853,"99-3 Jalan Kampung Pandan
55100 Kuala Lumpur",Wilayah Persekutuan Kuala Lumpur,,,,
yayasan1malaysia.org,yuenling@yayasan1malaysia.org,163791889,"1257, Jalan Telok,Off Jalan Gasing46000 Petaling JayaSelangor",Petaling Jaya,,,,
www.yayasanalkhalifah.com,yayasanalkhalifah@gmail.com,011-11317842,"No 5, Jalan Gombak Ria 8, Taman Gombak Ria, 68100 Batu Caves, Selangor",Batu Caves,,,,
https://www.facebook.com/YayasanAmanahAnNurMaisarah,yayasannurmaisarah@gmail.com,195995452,"Lot 33581-B Jalan Ipoh - Chemor BT 9, Ipoh,	Perak",Ipoh,,,,
www.anakyatimttdi.com.my,admin@anakyatimttdi.com.my,127615570,"No. 2, Jalan 5/71B, Pinggir Taman Tun Dr Ismail60000 Kuala Lumpur",kuala lumpur,,,,
,safuanrahmad@yahoo.com,148437605,"Lot 2272 Parit 1 Jln. Bostam, Kg. Belt Chenderong Balai, Perak",Teluk Intan,,,,
www.yck.org.my,ananti@yck.org.my,03-40454021,"No. 16, Lorong Tiong Nam 5, 50350, Kuala Lumpur",Kuala Lumpur,,,,
yeps.org.my,info@yeps.org.my,195734122,"13100 Penaga, Seberang Perai Utara,Pulau Pinang.",Penaga,,,,
www.gengemilang.org,get.involved@gengemilang.org,60378030957,"82A-1, Jalan PJU 1/3B, Sunwaymas Commercial Centre",Petaling Jaya,,,,
yayasansuriajb.blogspot.com,jamesph753@gmail.com,60197724172,"c/o Keck Seng(M) Bhd,Plantation Division,P.O. Box 1,81750 Masai, Johor",Johor Bahru,,,,
http://muslimaid.org.my/,mail@muslimaid.org.my,013-5906367,"8-1-2, Menara Mutiara Bangsar, Jalan Liku",Kuala Lumpur,,,,
ymlm.org.my/,info@ymlm.org.my,07-3645096,"55-01&02,Jalan Austin Heights 8/5, Taman Mount Austin",Johor Bahru,,,,
www.ikmu.edu.my,yayasan_murni@yahoo.com,09-7742555,"Lot 2926, Batu 2, Jalan Pengkalan Chepa, 15400, Kota Bharu, Kelantan",Kota Bharu,,,,
www.yoap.org.my,yoapberhad@yahoo.com,05-2428021,yoapberhad@yahoo.com,Ipoh,,,,
www.yobm.org.my,yobm.hq@gmail.com,322766616,"No.111-1, Tingkat 1, Jalan Sultan Abdul Samad, Brickfields",Kuala Lumpur,,,,
yokuk.org,sulaini_mail@yahoo.com,+60(9) 7742033,Jalan Padang Tembak,Pengkalan Chepa,,,,
www.oneworldpeacemaker.foundation,worldpeacemaker999@gmail.com,147226642,"T1-15-03,8Trium Tower,japan cempaka Sd 12/5,pju9,Sri Damansara",Kuala Lumpur,,,,
www.ypvwm.org.my,info@ypvwm.org.my,03-79541244,"No 17 A&B, Jalan 51A/227A, Petaling Jaya, 46100",Petaling Jaya,,,,
https://www.facebook.com/yayasanprihatintitiwangsa,yayasanprihatininsan@gmail.com,03-92027089,"SA7-2-A, Lorong Pandan Pertama 5,
Pandan Utama,
68000, Ampang Selangor",Ampang,,,,
www.salam.org.my/,ghani@salam.org.my,603-7958 4021,"No.22,Jalan Changgai 6/22, Pjs 9, 46000 Petaling Jaya, Selangor",Petaling Jaya,,,,
taskapermatakeluargakgibok.blogspot.com,aruvad@gmail.com,163651936,"420,9A,Taman Taik Siong",Puchong,,,,
www.sejahtera.my,info@sejahtera.my,+603-26023399,"No. 10, Level 2, Wisma RKT, Jalan Raja Abdullah, 50300 Kuala Lumpur",Kuala Lumpur,,Facebook Profile,,
/www.facebook.com/Yayasan-Strategik-Sosial,enquiryyss@gmail.com,-,"LEVEL 3, MENARA MANICKAVASAGAM, JALAN RAHMAT, 50350 KUALA LUMPUR",Kuala Lumpur,,,,
www.yasnita.org.my,info@yasnita.org.my,341474033,"NO.303A, LORONG PERAK,MELAWATI SQUARE BUSINESS CENTRE,TAMAN MELAWATI",TAMAN MELAWATI,,,,
ysis.org.my,ysisipoh@gmail.com,+6055481905/+6055484115,"Lot 158413, Lororng Bercham 11,
31400 Bercham,
Ipoh, Perak",IPOH,,,,
www.sunbeamshome.org,sunbeamshome95@gmail.com,012-6368229,"57 & 59, JALAN BUNGA MELUR 11A,TAMAN MAWAR, 56100KL",Kuala Lumpur,,,,
www.yellowhousekl.com,shyampriah@gmail.com,183674852,"No. 213, Lorong Ikan Emas 2,Kampung Ampang Campuran,",Ampang,,Facebook Profile,YouTube Channel,Instagram
